,Martial,Divine,Elemental,Arcana,Psychic,Supernatural,Primal,,,,,,,,,,,,,,,,,,,,,,,,,,,,,,,,,,,
Physical,12 writers all DMing a narrative element of the story in each server,,,,,,,,,,,,,,,,,,,,,,,,,,Armor,Melee,Ranged,Casting,Utility,,,,,,,,,,,
Light,to be great at something you have to be willing to admit you have the capacity to be great,,,inspiration,Light revelation,Wis,Divination/Enchantment,Grace,Enchanter,d20,5,Human,Geist,Plate,Silver Ore,Truesilver,Marble,Topaz,Oak,Pale Oak,Feathers,Skydown,Cotton,Blessed Samite,Divine Essence,Fallen Angel,Fort,,,WP,Medicine,Polearm,,,,,,,,,,
Fire,,,,passion,Fire passion,Str,Conjuration,Brash,Fighter,d6,6,Orc,,Scale,Gold Ore,Puregold,Obsidian,Amber,Palm,Sunpalm,Scales,Flamescale,Linen,Suncloth,Elemental Essence,Wyrm,Dodge,Elemental,,???,Engineering,Axe,,,,,,,,,,
Arcane,,,,curiosity,Arcane realization,Int,Evocation,Bookish,Evoker,d10,1,Elf,,Robes,Tin Ore?,Starmetal,Quartz,Ruby,Bamboo,Leyleaf,Chitin,Starshell,Silk,Runesilk,Arcane Essence,Chimera,Protect,Crit,,Spell Crit,Acrobatics,,,,,,,,,,,
Dark,if you have no secrets are you ever truly free? if not even your name is your own do you have any power?,,,fear ,Dark actualization,Cha,Illusion/Abjuration,Cocky,Tactician,d4,4,Dwarf,Goblin,Mail,Iron Ore,Mythril,Basalt,Amethyst,Ebony,Ebonbough,Bone,Umbral Ivory,Lacebark,Darklace,Psychic Essence,Beholder,Res,Weap DC,,Potency?,Stealth,Hammer,,,,,,,,,,
Frost,,,,despair,Frost remembrance,Dex,Necromancy,Stoic,Assassin,d12,3,Jotnyr,Troll,Padded,Cobalt Ore,Veil Cobalt/Titanium?,Permafrost,Sapphire,Pine,Soulpine,Fur,Frosthide,Wool,Tundrawool,Veil Essence,Leviathan,AC,Atk,,Spell Atk,Athletics,Sword,,,,,,,,,,
Nature,,,,instinct,Nature instinct,Con,Transmutation,Imposing,Vanguard,d8,2,Vanaqi,Dire,Leather,Copper Ore,Petricite,Limestone,Emerald,Teak,Heartwood,Leather,Dire Leather,Hemp,Vineweave,Primal Essence,Behemoth,HP,Dmg Die,,Control,Move,Bow,,,,,,,,,,
,,,,,,,,,,,,,,,,,,,,,,,,,,,,,,,,,,,,,,,,,,
Stat increase per Level Table,,,,,,,,,,,,,,,,,,,Wis,Int,Cha,Dex,Str,Con,,,,,,,,,,,,,,,,,,
,15,14,13,12,11,10,9,8,,,,,,,,,,,,,,,,,,,,,,,,,,,,,,,,,,
2,17,16,15,14,13,12,11,10,,,,,,,,,,,x,,Oracle,Monk,Shaman,,,,,,,,,,,,,,,,,,,
4,18,18,17,16,15,14,13,12,,,,,,,,,,,Wizard,x,Warlock,,,Spellbreaker,,,,,,,,,,,,,,,,,,
6,19,19,18,18,17,16,15,14,,,,,,,,,,,,,x,,,,,,,,,,,,,,,,,,,,,
8,20,20,19,19,18,18,17,16,,,,,,,,,,,Warden,Ninja,,x,,,,,,,,,,,,,,,,,,,,
10,21,21,20,20,19,19,18,18,,,,,,,,,,,,,,,x,,,,,,,,,,,,,,,,,,,
12,22,22,21,21,20,20,19,19,,,,Wis,Spiritualist,,,,,,Wis,Spiritualist,,,,x,,,,,,,,,,,,,,,,,,
14,23,23,22,22,21,21,20,20,,,,Int,Arcanist,,,,,,,,,,,,,,,,,,,,,,,,,,,,,
16,24,24,23,23,22,22,21,21,,,,Cha,Occultist,,,,,,,,,,,,,,,,,,,,,,,,,,,,,
18,25,25,24,24,23,23,22,22,,,,Dex,Rogue,,,,,,,,,,,,,,,,,,,,,,,,,,,,,
20,26,26,25,25,24,24,23,23,,,,Str,Fighter,,,,,,,,,,,,,,,,,,,,,,,,,,,,,
,,,,,,,,,,,,Con,Vanguard,,,,,,,,,,,Basic Attack,Power Attack,Magic Attack,Special,Ultimate,Speed,Strength,Range,Magic,Defense,Special,,,,,,,,
Progression Table,,,,,,,,,,,,,,,Seer,Shaman,Monk,Druid,,Shaman,Essence,Enhancing Magic,Melee,Melee,Mid range,Spirits,Spirits,,3,3,4,4,4,,18,,,,,,,
,Attributes,Skills,Abilities,Ability Slots,Cantrip,Equipment,Magical Bonuses,Runes,Ancestry,,,,,,Mage,Wizard,Conjurer,Warlock,,Monk,,Melee,Protective Magic,Melee,Melee,,Counter,,,,,,,,0,,,,,,,
1,Choose Attributes,Choose Skills,,"1 Primary, 1 Secondary, and 1 Specialization",Choose Cantrip,Starting Equipment,,,Choose Ancestry,,,Wis,Druid,,Archer,Sharpshooter,Engineeer,Ranger,,Druid,,Destructive Magic,Summoning Magic,Ranged,Ranged AOE,,Spellbook,,,,,,,,0,,,,,,,
2,Attribute Points,,Ability Point,,Cantrip,,,,,,,,Cleric,,Rogue,Assassin,Bard,Slayer,,Wizard,Mana,Destructive Magic,Protective Magic,Ranged,Ranged AOE,Spellbook,Spellbook,,4,1,5,6,1,,17,,,,,,,
3,,Skill Point,,1 Utility,,Superior,,,,,,Int,Wizard,,Fighter,Juggernaut,Gladiator,Barbarian,,Conjurer,,Destructive Magic,Enhancing Magic,Mid range,Ranged AOE,,Stealth,,,,,,,,0,,,,,,,
4,Attribute Points,,,1 Tertiary,Cantrip,,Uncommon,1st Rune,,,,,Sorceror,,Cleric,Paladin,High Priest,Crusader,,Warlock,,Summoning Magic,Destructive Magic,Ranged,Melee,,Spirits,,,,,,,,0,,,,,,,
5,,Skill Point,Ability Point,1 Mastery or Specialization,,,,,,,,Cha,Bard,,,,,,,Sharpshooter,Ammo,Ranged,,Ranged,Ranged,Trap,Snipe,,5,2,6,3,2,,18,,,,,,,
6,Attribute Points,,,1 Ultimate or Primary,Cantrip,Exceptional,,,Ancestry?,,,,Warlock,,,,,,,Engineer,,Ranged,Protective Magic,Mid range,Ranged AOE,,Aura,,,,,,,,0,,,,,,,
7,,Skill Point,,1 Primary or Secondary,,,Rare,2nd Rune,,,,Dex,Rogue,Giant,Seer,Shaman,Ranger,Juggernaut,,Ranger,,Ranged,Summoning Magic,Melee,Ranged,,Snipe,,,,,,,,0,,,,,,,
8,Attribute Points,,,1 Secondary or Utility,Cantrip,,,,,,,,Ranger,Elf,Mage,Wizard,Monk,Conjurer,,Assassin,,Melee,,Melee,Melee,Shadowstep,Stealth,,6,5,1,2,3,,17,,,,,,,
9,,Skill Point,,1 Utility or Tertiary,,Peerless,,,,,,Str,Monk?,Primal,Archer,Sharpshooter,Warlock,Druid,,Bard,,Ranged,Enhancing Magic,Melee,Ranged,,Aura,,,,,,,,0,,,,,,,
10,Attribute Points,,Ability Point,1 Specialization or Mastery,Cantrip or Master Cantrip,,Epic,3rd Rune,,,,,Fighter,Human,Rogue,Assassin,Bard,Slayer,,Slayer,,Ranged,Destructive Magic,Ranged,Melee,,Snipe,,,,,,,,0,,,,,,,
11,,Skill Point,Ability Point,,,,,,,,,Con,Barbarian,Orc,Fighter,Barbarian,High Priest,Gladiator,,Juggernaut,,Melee,,Melee,Melee AoE,Enrage,Counter,,2,6,3,1,5,,17,,,,,,,
12,Attribute Points,,Ability Point,,Cantrip,Masterwork,,,Ancestry?,,,,Paladin,Dwarf,Cleric,Paladin,Crusader,Engineeer,,Gladiator,,Melee,Ranged,Melee,Ranged,,Counter,,,,,,,,0,,,,,,,
13,,Skill Point,Ability Point,,,,Mythic,4th Rune,,,,,,,,,,,,Barbarian,,Melee,Enhancing Magic,Melee,Melee AoE,,Spirits,,,,,,,,0,,,,,,,
14,Attribute Points,,Ability Point,,Cantrip,,,,,,,,Seer,Mage,Archer,Rogue,Fighter,Cleric,,Paladin,,Protective Magic,Melee,Melee,Melee,Aura,Aura,Invuln,1,4,2,5,6,,18,,,,,,,
15,,Skill Point,Ability Point,,,Perfect,,,,,,Seer,Shaman,,,,Monk,Druid,,High Priest,,Protective Magic,Destructive Magic,Ranged,Melee AoE,,Spellbook,,,,,,,,0,,,,,,,
16,Attribute Points,,Ability Point,,Cantrip,,Legendary,5th Rune,,,,Mage,Elementalist,Wizard,,Warlock,,,,Crusader,,Destructive Magic,Melee,Melee,Mid range,,Counter,,,,,,,,0,,,,,,,
17,,Skill Point,Ability Point,,,,,,,,,Archer,Ranger,,Sharpshooter,,,Bard,,,,,,,,,,,,,,,,,,,,,,,,
18,Attribute Points,,Ability Point,,Cantrip,Artifact,Artifact,,Ancestry?,,,Rogue,,Ninja,Swashbuckler,Assassin,,,,,,,,,,,Shield,Greatsword,Maul/Greataxe,Polearm,Staff,Longsword,Heavy 1h,Light 1h,Daggers,Unarmed,Heavy Unarmed,Rifle,Bow,Heavy Gun,Pistols,Blunderbuss
19,,Skill Point,Ability Point,,,,,6th Rune,,,,Fighter,Barbarian,,,,Juggernaut,Gladiator,,Occult,,,,,Weapon,Attack,,,,,,,,,,,,,,,,
20,Attribute Points,Skill Point,Ability Point,,Cantrip and Master Cantrip,,,7th Rune,,,,Cleric,,,,Cultist,Crusader,Paladin,,Primal,,,,,Weapon,Heavy Attack,,,,,,,,,,,,,,,,
,,,,,,,,,,,,,,,,,,,,Elemental,,,,,OH Weapon,Attack/Utility,Block,Block,,,Block,Block,Dual Attack,Dual Attack,Dual Attack,Block,Block,ADS,Shove?,,,
Random Skill Cross table,,,,,,,,,,,,,Human,Orc,Elf,Dwarf,Giant,Primal,,Arcane,,,,,Spec,Primary,,,,,,,,,,,,,,,,
,,Strength,Dexterity,Intellect,Wisdom,Charisma,Constitution,,,,,Human,x,,,,,,,,,,,,Spec,Secondary,,,,,,,,,,,,,,,,
Disrupt,Strength,Disrupt,,Counterspell,,,Stunning Strike,,,,,Orc,half-orc,x,,,,,,,,,,,Spec,Utility,,,,,,,,,,,,,,,,
Movement,Dexterity,Leap,Shadowstep,Teleport,Lifegrip,Swap,Sprint,,,,,Elf,half-elf,moon orc,x,,,,,,,,,,Spec,Situational 1,,,,,,,,,,,,,,,,
Magic,Intellect,Unstoppable,Invis,Overflow,Innervate,Mega CC,HP -> Damage,,,,,Dwarf,halfling?,,,x,,,,,,,,,Spec,Situational 2,,,,,,,,,,,,,,,,
Heal,Wisdom,,Freedom,,,Siphon Life,Second Wind,,,,,Giant,half-giant,fire giant,,frost giant,x,,,,,,,,Spec,Ultimate,,,,,,,,,,,,,,,,
CC,Charisma,Knockback,Root,Polymorph,Stun,Charm,Deathgrip,,,,,Primal,aurin,,sylvan,rodent folk,,x,,,,,,,,,Heavy,Med/Heavy,Med,Light,Light/Heavy,Light/Med,,,,,,,,,,
Defense,Constitution,Mega Block,Evasion,Ice Block,Mana Shield,Reflect,Shield Wall,,,,,,,,,,,,,,,,,,Armor,Dodge,,,,,,,,,,,,,,,,
,,,,,,,,,,,,,,,,,,,,,,,,,Armor,Movement,,,,,,,,,,,,,,,,
Use - Gathering,to Gather,Use - Refining,to Produce,Use - Crafting,to Craft,,,,,,,,,,,,,,,,,,,,Armor,Defensive,,,,,,,,,,,,,,,,
,,,,,,,,,,,,,,,,,,,,,,,,,,,Vanguard,Assassin,Fighter,Mage,Support,Tactician,,,,,,,,,,
Mining,Ore,Smelting,Ingots,Blacksmithing,Armor,Metal Parts,Toolkits,,,,,,,,,,,,,,,,,,Role,Utility 1,Taunt,Stealth/Vanish,Disrupt,Dispel,Cleanse,Trap?,,,,,,,,,,
,Stone,Stonecutting,Bricks,Masonry,,Stone Parts,,,,,,,,,,,,,,,,,,,Role,Utility 2,Pull,Distract,Unstoppable,,Battle Rez,Pet Utility,,,,,,,,,,
,Uncut Gemstone,Stonecutting,Gems,Jeweler,Jewelery,Jewelery Parts,Toolkits,,,,,,,,,,,,,,,,,,Role,Ultimate,Aoe Taunt/Defensive,,,,,Pet Ultimate,,,,,,,,,,
Harvesting,Herbs,Milling,Compounds?,Alchemy,Elixirs,Potion Charges,Healing Kit Charges?,,,,,,,,,,,,,,,,,,,,,,,,,,,,,,,,,,,
,Produce,Preparing (cooking),Ingredients,Cooking,Food,,,,,,,,,,,,,,,,,,,,,,,,,,,,,,,,,,,,,
,Fiber,Weaving,Cloth,Tailor,Armor,Cloth Parts,,,,,,,,,,,,,,,,,,,,,,,,,,,,,,,,,,,,
Skinning,Hides,Tanning,"Leather, Scales, Fur, Feathers, Bone",Leatherworking,Armor,Leather Parts,Toolkits,,,,,,,,,,,,,,,,,,,,,,,,,,,,,,,,,,,
,Meat,Butchery,Ingredients,,,,,,,,,,,,,,,,,,,,,,,Tank,Fighter,Rogue,Ranger,Engineer,,,,,,,,,,,,
,,,,,,,,,,,,,,,,,,,,,,,,Shield,Tank,X,,,,,,,,,,,,,,,,
,,,,,,,,,,,,,,,,,,,,,,,,2h,Fighter,Juggernaut,X,Barbarian,Skirmisher,,,,,,,,,,,,,
Woodcutting,Logs,Sanding?,Planks,Carpentry,,Wooden Parts,,,,,,,,,,,,,,,,,,DW,Rogue,,Duelist,X,,,,,,,,,,,,,,
Fishing,Fish,Butchery,Ingredients,,,,,,,,,,,,,,,,,,,,,Ranged,Ranger,,Lancer,,X,,,,,,,,,,,,,
,,,Sand,Glassblowing?,Glass,,,,,,,,,,,,,,,,,,,Devices,Engineer,,,,,X,,,,,,,,,,,,
,,,Ingredients,Brewing,Tea/coffee,Beer,,,,,,,,,,,,,,,,,,,,,,,,,,,,,,,,,,,,
,,,,,,,,,Primary Tool,Secondary Tool,Workbench?,,,,,,,,,,,,,,,,,,,,,,,,,,,,,,,
Mining,Gathering,Smelting,Blacksmithing,Jewelcrafting,,,,,Pickaxe,Lamp Helmet,,,,,,,,,,,,,,Divine,,,,,,,,,,,,,,,,,,
Harvesting,Gathering,Milling,Alchemy,Cooking,,,,,Sickle,Snips,,,,,,,,,,,,,,Arcane,,,,,,,,,,,,,,,,,,
Skinning,Gathering,Tanning,Leatherworking,Cooking,,,,,Skinning Knife,Butcher Cleaver,,,,,,,,,,,,,,Primal,,,,,,,,,,,,,,,,,,
Woodcutting,Gathering,Sanding?,Woodworking,,,,,,Woodaxe,Saw,,,,,,,,,,,,,,Occult,,,,,,,,,,,,,,,,,,
Fishing,Gathering,Butchery,Cooking,,,,,,Fishing Rod,Tacklebox,,,,,,,,,,,,,,,,,,,,,,,,,,,,,,,,
Smelting,Refining,,,,,,,,Tongs,Crucible,Forge,,,,,,,,,,,,,,,,,,,,,,,,,,,,,,,
Stonecutting,Refining,,,,,,,,Chisel,Lump Hammer,,,,,,,,,,,,,,,,,,,,,,,,,,,,,,,,
Milling,Refining,,,,,,,,Mortar Pestel,Rolling Pin?,,,,,,,,,,,,,,,,,,,,,,,,,,,,,,,,
Cook Prep,???,,,,,,,,Chef's Knife,Rolling Pin,,,,,,,,,,,,,,,,,,,,,,,,,,,,,,,,
Weaving,Refining,,,,,,,,Loom,Rack?,,,,,,,,,,,,,,,,,,,,,,,,,,,,,,,,
Tanning,Refining,,,,,,,,Rack?,,,,,,,,,,,,,,,,,,,,,,,,,,,,,,,,,
Butchery,Refining,,,,,,,,Butcher Cleaver,Chef's Knife,,,,,,,,,,,,,,,,,,,,,,,,,,,,,,,,
Sanding,???,,,,,,,,Grinder,,,,,,,,,,,,,,,,,,,,,,,,,,,,,,,,,
Blacksmithing,Crafting,,,,,,,,Blacksmith Hammer,Anvil,,,,,,,,,,,,,,,,,,,,,,,,,,,,,,,,
Masonry,Crafting,,,,,,,,Lump Hammer,Grinder,,,,,,,,,,,,,,,,,,,,,,,,,,,,,,,,
Jeweler,Crafting,,,,,,,,Magnifying Glass,Blacksmith Hammer,,,,,,,,,,,,,,,,,,,,,,,,,,,,,,,,
Alchemy,Crafting,,,,,,,,Beaker,,,,,,,,,,,,,,,,,,,,,,,,,,,,,,,,,
Cooking,Crafting,,,,,,,,Pan,Pot?,Stove,,,,,,,,,,,,,,,,,,,,,,,,,,,,,,,
Tailor,Crafting,,,,,,,,Sewing Needle,Snips,,,,,,,,,,,,,,,,,,,,,,,,,,,,,,,,
Leatherworking,Crafting,,,,,,,,Awl,Sewing Needle,,,,,,,,,,,,,,,,,,,,,,,,,,,,,,,,
Carpentry,Crafting,,,,,,,,Saw,Chisel,,,,,,,,,,,,,,,,,,,,,,,,,,,,,,,,
Glassblowing?,Crafting,,,,,,,,Crucible?,Tongs,,,,,,,,,,,,,,,,,,,,,,,,,,,,,,,,
Brewing,Crafting,,,,,,,,Pot,Beaker,,,,,,,,,,,,,,,,,,,,,,,,,,,,,,,,
,,,,,,,,,,,,,,,,,,,,,,,,,,,,,,,,,,,,,,,,,,
i,Ace,Light,Scepter,Duty,,,,,,,,,,,,,,xi,Arcane,The Moon,Tsukira and Wei-Ren,Rabbit,,,,,,,,,,,,,,,,,,,,
ii,2,Fire,Sun,Honor,,,,,,,,,,,,,,xii,Light,The High Priestess,Bremuu,,Bremuu,Hippo,Creation,,,,,,,,,,,,,,,,,
iii,3,Arcane,Moon,,,,,,,,,,,,,,The Magician,xiii,Nature,The Tower,Ryobeq,Dragon,,,,,,,,,,,,,,,,,,,,
iv,4,Dark,Skull,Humility,,,,,,,,,,,,,The High Priestess,xiv,Nature,The Empress,,,Matron Mother,,,,,,,,,,,,,,,,,,,
v,5,Frost,Challice,Mercy,,,,,,,,,,,,,The Empress,xv,Dark,The Hermit,Huan'Wo,Snake,,,,,,,,,,,,,,,,,,,,
vi,6,Nature,Leaf,Temperance,,,,,,,,,,,,,The Emporor,xvi,Arcane,,Gerush,,Gerush,Elephant,Luck,,,,,,,,,,,,,,,,,
vii,7,,,,,,,,,,,,,,,,The Hierophant,xvii,Fire,The Chariot,Daiten,Horse,,,,,,,,,,,,,,,,,,,,
viii,J,,,,,,,,,,,,,,,,The Lovers,xviii,Frost,The Hanged Man,,,Dusk Shepherd,,,,,,,,,,,,,,,,,,,
ix,Q,,,,,,,,,,,,,,,,The Chariot,xix,Dark,,Baelleph,Goat,,,,,,,,,,,,,,,,,,,,
x,K,Arcana,Deity,Chinese Zodiac,Zodiac,Card,Rune,Constellation,Divination Buff,Meaning,,,,,,,Strength,xx,Frost,Wheel of Fortune,,,The Fates 3,,,,,,,,,,,,,,,,,,,
xi,Arcane,The Moon,Tsukira and Wei-Ren,Rabbit,,The Moon,,Rabbit,,,astral,Rabbit,♊ Gemini (Twins): May 21–June 21,Yin,Wood,Arcane,The Hermit,xxi,Light,,Hanuko,Monkey,,,,,,,,,,,,,,,,,,,,
xii,Light,The High Priestess,,,,,,,,,,,,,,,Wheel of Fortune,xxii,Fire,The Hierophant,Mekali,,Mekali,Lioness,Bloodlust,,,,,,,,,,,,,,,,,
xiii,Nature,The Tower,Ryobeq,Dragon,East,,,Dragon,,,astral South,Dragon,♈ Aries (Ram): March 21–April 19,Yang,Earth,Nature,Justice,xxiii,Fire,The Sun,Shen'Ra,Rooster,,,,,,,,,,,,,,,,,,,,
xiv,Nature,The Empress,,,,,,,,,,,,,,,The Hanged Man,xxiv,Light,Temperance,,,The Veiled Maiden,,,,,,,,,,,,,,,,,,,
xv,Dark,The Hermit,Huan'Wo,Snake,North,,,Snake,,,astral North,Snake,♏ Scorpius (Scorpion): October 24–November 21,Yin,Fire,Dark,Death,xxv,Frost,Death,Amnus,Dog,,,,,,,,,,,,,,,,,,,,
xvi,Fire,The Chariot,Daiten,Horse,,War,,Horse,,,,Horse,♐ Sagittarius (Archer): November 22–December 21,Yang,Fire,Fire,Temperance,xxvi,Dark,Judgement,,,Stone Father,,,,,,,,,,,,,,,,,,,
xvii,Frost,The Hanged Man,,,,,,,,,,,,,,,The Devil,xxvii,Frost,Strength,Vahara,Pig,,,,,,,,,,,,,,,,,,,,
xviii,Dark,The Hierophant,Baelleph,Goat,,,,Goat,,,,Goat,♑ Capricornus (Goat): December 22–January 19,Yin,Earth,Dark,The Tower,xxviii,Fire,The Devil,Sevat,,Sevat,Anteater,Destruction,,,,,,,,,,,,,,,,,
xix,Arcane,Wheel of Fortune,Vith,,,Chance,,,,,,,,,,,The Star,xxix,Arcane,The Star,Khenti,Rat,,,,,,,,,,,,,,,,,,,,
xx,Light,Temperance,Hanuko,Monkey,,,,Monkey,,,,Monkey,♓ Pisces (Fish): February 19–March 20,Yang,Metal,Light,The Moon,xxx,Dark,The Emporor,,,High King of the Dwarves,,,,,,,,,,,,,,,,,,,
xxi,Fire,The Sun,Shen'Ra,Rooster,South,The Sun,,Rooster,,,astral East,Rooster,♋ Cancer (Crab): June 22–July 22,Yin,Metal,Fire,The Sun,xxxi,Nature,The World,Nashon,Ox,,,,,,,,,,,,,,,,,,,,
xxii,Dark,Judgement/The Emporor,,,,,,,,,,,,,,,Judgement,xxxii,Nature,The Lovers,Rasmi,,Rasmi,Peacock,Love,,,,,,,,,,,,,,,,,
xxiii,Frost,Death,Amnus,Dog,,Death,,Dog,,,astral,Dog,♎ Libra (Balance): September 23–October 23,Yang,Earth,Frost,The World,xxxiii,Light,Justice,Bekuryo,Tiger,,,,,,,,,,,,,,,,,,,,
xxiv,Frost,Strength,Vahara,Pig,,,,Pig,,,,Pig,♒ Aquarius (Water Bearer): January 20–February 18,Yin,Water,Frost,The Fool,xxxiv,Arcane,The Magician,Vith,,Vith,Crane,Secrets,,,,,,,,,,,,,,,,,
xxv,Dark,The Devil,Sevat,,,,,,,,,,,,,,,xxxv,,The Fool,,,,,,,,,,,,,,,,,,,,,,
xxvi,Arcane,The Star,Khenti,Rat,,The Star?,,Rat,,,,Rat,♍ Virgo (Virgin): August 23–September 22,Yang,Water,Arcane,,,,,,,,,,,,,,,,,,,,,,,,,,
xxvii,Nature,The World,Nashon,Ox,,,,Ox,,,,Ox,♉ Taurus (Bull): April 20–May 20,Yin,Earth,Nature,,,,,,,,,,,,,,,,,,,,,,,,,,
xxviii,Fire,The Lovers,,,,,,,,,,,,,,,,,,,,,,,,,,,,,,,,,,,,,,,,
xxix,Light,Justice,Bekuryo,Tiger,West,,,Tiger,,,astral West,Tiger,♌ Leo (Lion): July 23–August 22,Yang,Wood,Light,,,,,,,,,,,,,,,,,,,,,,,,,,
xxx,Arcane,The Magician,,,,,,,,,,,,,,,,,,,,,,,,,,,,,,,,,,,,,,,,
xxxi,,The Fool,,,,,,,,,,,,,,,,,,,,,,,,,,,,,,,,,,,,,,,,
,,,,,,,,,,,,,,,,,,,,,,,,,,,,,,,,,,,,,,,,,,
,,,,,,,,,UCS,Transliteration,Proto-Germanic name,Meaning,,,,,,,,# of runes req,,,,,,,,,,,,,,,,,,,,,,
1,,Light,A,,,,,A,ᚨ,ah,*ansuz,"""god""",a,AA,,Angelic,,Light,AC,3,,,,,,,,,,,,,,,,,,,,,,
2,,Dark,I,,,,,I,ᛁ,ee,*īsaz,"""ice""",i,II,AI,Solar,,Heat,Attack,3,,,,,,,,,,,,,,,,,,,,,,
3,,Heat,U,,,,,U,ᚢ,oo,?*ūruz,"""aurochs"" (or *ûram ""water/slag""?)",u,UU,AU,Creation,,Stasis,Dodge,1,,,,,,,,,,,,,,,,,,,,,,
4,,Cold,E,,,,,E,ᛖ,eh,*ehwaz,"""horse""",e,EE,AE,Chaos,,Dark,Resist,1,,,,,,,,,,,,,,,,,,,,,,
5,,Change,O,,,,,O,ᛟ,oh,*ōþila-/*ōþala-,"""heritage, estate, possession""",o,OO,AO,Demonic,,Cold,Fortitude,1,,,,,,,,,,,,,,,,,,,,,,
6,,Stasis,B,,,,,Y,ᛇ,,*ī(h)waz,"""yew-tree""",ï (æ),,,Flames,,Change,Control,2,,,,,,,,,,,,,,,,,,,,,,
7,,Good,D,,,,,B,ᛒ,b,*berkanan,"""birch""",b,,IA,War,Divine,Good,Focus,1,,,,,,,,,,,,,,,,,,,,,,
8,,Bad,F,,,,,CH,,ch,,,,,IU,Astral,Elemental,Energy,,2,,,,,,,,,,,,,,,,,,,,,,
9,,Mind,G,,,,,D,ᛞ,d,*dagaz,"""day""",d,,IE,Lunar,Arcana,Lore,Potency,3,,,,,,,,,,,,,,,,,,,,,,
10,,Body,H,,,,,F,ᚠ,f,*fehu,"""cattle; wealth""",f,,IO,Knowledge,Psychic,Mind,Light Dam,2,,,,,,,,,,,,,,,,,,,,,,
11,,Person,J,,,,,G,ᚷ,g,*gebō,"""gift""",g,,,Order,Supernatural,Spirit,Fire Dam,2,,,,,,,,,,,,,,,,,,,,,,
12,,Beast,K,,,,,H,ᚺ ᚻ,h,*hagalaz,"""hail"" (the precipitation)",h,,UA,Eldritch,Primal,Body,Arcane Dam,2,,,,,,,,,,,,,,,,,,,,,,
13,,Plant,L,,,,,J,ᛃ,j,*jēra-,"""year, good year, harvest""",j,,UI,Blood,Plant,Plant,Dark Dam,2,,,,,,,,,,,,,,,,,,,,,,
14,,Earth,M,,,,,K,ᚲ,k,?*kaunan,"""ulcer""? (or *kenaz ""torch""?)",k (c),,UE,Death,Mineral,Stone,Frost Dam,2,,,,,,,,,,,,,,,,,,,,,,
15,,Air,N,,,,,L,ᛚ,l,*laguz,"""water, lake"" (or possibly *laukaz ""leek"")",l,,UO,Grave,Animal,Beast,Nature Dam,2,,,,,,,,,,,,,,,,,,,,,,
16,,Water,P,,,,,M,ᛗ,m,*mannaz,"""man""",m,,,Spirits,Large,Large,Healing,2,,,,,,,,,,,,,,,,,,,,,,
17,,Fire,R,,,,,N,ᚾ,n,*naudiz,"""need""",n,,EA,Depths,Small,Small,Shielding,2,,,,,,,,,,,,,,,,,,,,,,
18,,Large,S,,,,,P,ᛈ,p,?*perþ-,"meaning unknown; possibly ""pear-tree"".",p,,EI,Snow,Gas,Air,Slash Dam,2,,,,,,,,,,,,,,,,,,,,,,
19,,Small,T,,,,,KW,ᛜ ᛝ,qu,*ingwaz,"""the god Ingwaz""",ŋ,,EU,Storms,Liquid,Water,Pierce Dam,2,,,,,,,,,,,,,,,,,,,,,,
20,,Push,V,,,,,R,ᚱ,r,*raidō,"""ride, journey""",r,,EO,Stones,,Fire,Impact Dam,2,,,,,,,,,,,,,,,,,,,,,,
21,,Pull,W,,,,,S,ᛊ ᛋ,s,*sōwilō,"""Sun""",s,,,Sands,,Person,Necro Dam?,1,,,,,,,,,,,,,,,,,,,,,,
22,,Spirit,CH,,,,,T,ᛏ,t,*tīwaz,"""the god Tiwaz""",t,,OA,Life,,Push,Speed,2,,,,,,,,,,,,,,,,,,,,,,
23,,Energy,TH,,,,,V,,v,,,,,OI,Wilds,,Pull,WP,2,,,,,,,,,,,,,,,,,,,,,,
24,,Lore,SH,,,,,W,ᚹ,w,*wunjō,"""joy""",w,,OU,Fae,,Bad,HP,1,,,,,,,,,,,,,,,,,,,,,,
25,,Magic,KS (X),,,,,KS,,x,,,,,OE,,,Magic,,,,,,,,,,,,,,,,,,,,,,,,
26,,Sun,KW (Q),,,,,TH,ᚦ,th,?*þurisaz,"""Thurs"" (see Jötunn) or *þunraz (""the god Thunraz"")",þ,,,,,Sun,,,,,,,,,,,,,,,,,,,,,,,,
27,,Star,Y,,,,,SH,ᛉ,sh,?*algiz,"""elk"" (or ""protection, defence""[13])",z,,,,,Star,,,,,,,,,,,,,,,,,,,,,,,,
28,,Moon,TS,,,,,TS,,ts,,,,,,,,Moon,,,,,,,,,,,,,,,,,,,,,,,,
29,,,,,,,,,,,,,,,,,,,,,,,,,,,,,,,,,,,,,,,,,,
30,,,,,,,,,,,,,,,,,,,,,,,,,,,,,,,,,,,,,,,,,,
,,,,,,,,,,,,,,,,,,,,,,,,,,,,,,,,,,,,,,,,,,
PF2E Dieties/Domains,,,,,,,,,,,,,,,,,,,,,,,,,,,,,,,,,,,,,,,,,,
,,Domain Spell,Advanced Domain Spell,Description,,,,,,,,,,,,,,,,,,,,,,,,,,,,,,,,,,,,,,
Haavi,Air,Pushing Gust,Disperse into Air,You can control winds and the weather.,,,,,,,,,,,,,,,,,,,,,,,,,,,,,,,,,,,,,,
,Ambition,Blind Ambition,Competitive Edge,You strive to keep up with and outpace the competition.,,,,,,,,,,,,,,,,,,,,,,,,,,,,,,,,,,,,,,
,Change,Adapt Self,Adaptive Ablation,You can restructure the physical and metaphysical.,,,,,,,,,,,,,,,,,,,,,,,,,,,,,,,,,,,,,,
,Cities,Face in the Crowd,Pulse of the City,You have powers over urban environments and denizens.,,,,,,,,,,,,,,,,,,,,,,,,,,,,,,,,,,,,,,
Ismotir,Cold,Winter Bolt,Diamond Dust,"You control ice, snow, and freezing temperatures.",,,,,,,,,,,,,,,,,,,,,,,,,,,,,,,,,,,,,,
,Creation,Splash of Art,Artistic Flourish,You have divine abilities related to crafting and art.,,,,,,,,,,,,,,,,,,,,,,,,,,,,,,,,,,,,,,
,Darkness,Cloak of Shadow,Darkened Eyes,You operate in the darkness and take away the light.,,,,,,,,,,,,,,,,,,,,,,,,,,,,,,,,,,,,,,
,Death,Death's Call,Eradicate Undeath,You have the power to end lives and destroy undead.,,,,,,,,,,,,,,,,,,,,,,,,,,,,,,,,,,,,,,
,Decay,Withering Grasp,Fallow Field,You have the power to spoil and deteriorate matter.,,,,,,,,,,,,,,,,,,,,,,,,,,,,,,,,,,,,,,
,Delirium,Hyperfocus,Ephemeral Hazards,You can bring about hallucinations and restlessness.,,,,,,,,,,,,,,,,,,,,,,,,,,,,,,,,,,,,,,
,Destruction,Cry of Destruction,Destructive Aura,You are a conduit for divine devastation.,,,,,,,,,,,,,,,,,,,,,,,,,,,,,,,,,,,,,,
,Dreams,Sweet Dream,Dreamer's Call,You have the power to enter and manipulate dreams.,,,,,,,,,,,,,,,,,,,,,,,,,,,,,,,,,,,,,,
,Dust,Parch,Dust Storm,You have the power to dry and crumble what opposes you.,,,,,,,,,,,,,,,,,,,,,,,,,,,,,,,,,,,,,,
,Earth,Hurtling Stone,Localized Quake,You control soil and stone.,,,,,,,,,,,,,,,,,,,,,,,,,,,,,,,,,,,,,,
,Fate,Read Fate,Tempt Fate,You see and understand hidden inevitabilities.,,,,,,,,,,,,,,,,,,,,,,,,,,,,,,,,,,,,,,
,Fire,Fire Ray,Flame Barrier,You control flame.,,,,,,,,,,,,,,,,,,,,,,,,,,,,,,,,,,,,,,
,Freedom,Unimpeded Stride,Word of Freedom,You liberate yourself and others from shackles and constraints.,,,,,,,,,,,,,,,,,,,,,,,,,,,,,,,,,,,,,,
,Knowledge,Scholarly Recollection,Know the Enemy,You receive divine insights.,,,,,,,,,,,,,,,,,,,,,,,,,,,,,,,,,,,,,,
,Lightning,Charged Javelin,Bottle the Storm,"You control electricity, thunder, and storms.",,,,,,,,,,,,,,,,,,,,,,,,,,,,,,,,,,,,,,
,Luck,Bit of Luck,Lucky Break,You’re unnaturally lucky and keep out of harm’s way.,,,,,,,,,,,,,,,,,,,,,,,,,,,,,,,,,,,,,,
,Might,Athletic Rush,Enduring Might,Your physical power is bolstered by divine strength.,,,,,,,,,,,,,,,,,,,,,,,,,,,,,,,,,,,,,,
,Moon,Moonbeam,Touch of the Moon,You command powers associated with the moon.,,,,,,,,,,,,,,,,,,,,,,,,,,,,,,,,,,,,,,
,Nature,Vibrant Thorns,Nature's Bounty,You hold power over animals and plants.,,,,,,,,,,,,,,,,,,,,,,,,,,,,,,,,,,,,,,
,Nightmares,Waking Nightmare,Shared Nightmare,You fill minds with horror and dread.,,,,,,,,,,,,,,,,,,,,,,,,,,,,,,,,,,,,,,
,Pain,Savor the Sting,Retributive Pain,You punish those who displease you with the sharp sting of pain.,,,,,,,,,,,,,,,,,,,,,,,,,,,,,,,,,,,,,,
,Passion,Charming Touch,Captivating Adoration,"You evoke passion, whether as love or lust.",,,,,,,,,,,,,,,,,,,,,,,,,,,,,,,,,,,,,,
,Perfection,Perfected Mind,Perfected Form,"You strive to perfect your mind, body, and spirit.",,,,,,,,,,,,,,,,,,,,,,,,,,,,,,,,,,,,,,
,Protection,Protector's Sacrifice,Protector's Sphere,You ward yourself and others.,,,,,,,,,,,,,,,,,,,,,,,,,,,,,,,,,,,,,,
,Secrecy,Forced Quiet,Safeguard Secret,You protect secrets and keep them hidden.,,,,,,,,,,,,,,,,,,,,,,,,,,,,,,,,,,,,,,
,Sorrow,Lament,Overflowing Sorrow,You have a painful connection to melancholy and sadness.,,,,,,,,,,,,,,,,,,,,,,,,,,,,,,,,,,,,,,
,Soul,Eject Soul,Ectoplasmic Interstice,You wield power over the spiritual.,,,,,,,,,,,,,,,,,,,,,,,,,,,,,,,,,,,,,,
,Star,Zenith Star,Asterism,You command the power of the stars.,,,,,,,,,,,,,,,,,,,,,,,,,,,,,,,,,,,,,,
,Sun,Dazzling Flash,Positive Luminance,"You harness the power of the sun and other light sources, and punish undead.",,,,,,,,,,,,,,,,,,,,,,,,,,,,,,,,,,,,,,
,Time,Delay Consequence,Stasis,You reign over the flow of time.,,,,,,,,,,,,,,,,,,,,,,,,,,,,,,,,,,,,,,
,Trickery,Sudden Shift,Trickster's Twin,You deceive others and cause mischief.,,,,,,,,,,,,,,,,,,,,,,,,,,,,,,,,,,,,,,
,Truth,Word of Truth,Glimpse the Truth,You pierce lies and discover the truth.,,,,,,,,,,,,,,,,,,,,,,,,,,,,,,,,,,,,,,
,Tyranny,Touch of Obedience,Commanding Lash,You wield power to rule and enslave others.,,,,,,,,,,,,,,,,,,,,,,,,,,,,,,,,,,,,,,
,Undeath,Touch of Undeath,Malignant Sustenance,Your magic carries close ties to the undead.,,,,,,,,,,,,,,,,,,,,,,,,,,,,,,,,,,,,,,
,Void,Empty Inside,Door to Beyond,You draw power from emptiness.,,,,,,,,,,,,,,,,,,,,,,,,,,,,,,,,,,,,,,
,Water,Tidal Surge,Downpour,You control water and bodies of water.,,,,,,,,,,,,,,,Aspect,Source,Specialization,Descrpition,,,,,,,,,,,,,,,,,,,,
,Wealth,Appearance of Wealth,Precious Metals,"You hold power over wealth, trade, and treasure.",,,,,,,,,,,,,,,Light,Divine,Divine Knowledge,Divine Knowledge,,,,,,,,,,,,,,,,,,,,
,,,,,,,,,,,,,,,,,,,Light,Arcana,Divination,Divination,,,,,,,,,,,,,,,,,,,,
Divine Calling,Domain,Dieties,,Favored Weapon,Faithful,,Blessing 1,Blessing 2,Prayer 1,Prayer 2,Blessing,,Prayer,,Curse,,,,Light,Arcana,Enchantment,Enchantment,,,,,,,,,,,,,,,,,,,,
Light,Light,,,,Prismatic Beam,,,,,,Truth,Advantage on Attacks,,,,,,,Light,Psychic,Inspiration,Inspiration,,,,,,,,,,,,,,,,,,,,
Light,Creation,Bremmu,,,,,,,,,,,,,,,,,Light,Psychic,Grace,Grace,,,,,,,,,,,,,,,,,,,,
Light,Hope,The Dawn Maiden,,Longsword,,,,,,,Inspiration,Bless,,,,,,,Light,Psychic,Valor,Valor,,,,,,,,,,,,,,,,,,,,
Light,Song,,,,Melody (Light Innate),,,,,,,,,,,,,,Light,Supernatural,Song,Song,,,,,,,,,,,,,,,,,,,,
Light,Protection?,Bekuryo,,,,,,,,,Protection,Shield,,,,,,,Light,Supernatural,Ki,Ki,,,,,,,,,,,,,,,,,,,,
Light,,,,,,,,,,,,,,,,,,,Light,Primal,Solar,Solar,,,,,,,,,,,,,,,,,,,,
Fire,Fire,,,,,,,,,,,,,,,,,,Fire,Divine,Purity,Purity,,,,,,,,,,,,,,,,,,,,
Fire,Sun,Shen'Ra,,,,,,,,,,,,,,,,,Fire,Elemental,Pyromancy,Pyromancy,,,,,,,,,,,,,,,,,,,,
Fire,War,Daiten,,Greataxe,Destruction or Imbue Weapon: Burning,,,,,,Glory,"Empower, Heal if Wounded",,,,,,,Fire,Elemental,Planar,Planar,,,,,,,,,,,,,,,,,,,,
Fire,Purity?,,,,Purify,,,,,,,,,,,,,,Fire,Arcana,Fusion,Fusion,,,,,,,,,,,,,,,,,,,,
Fire,,,,,,,,,,,,,,,,,,,Fire,Psychic,Hate,Hate,,,,,,,,,,,,,,,,,,,,
Fire,,,,,,,,,,,,,,,,,,,Fire,Psychic,Lust,Lust,,,,,,,,,,,,,,,,,,,,
Arcane,Lore,Scribe of the End,Vith,,,,,,,,Knowledge,Recover WP,,,,,,,Fire,Psychic,Rage,Rage,,,,,,,,,,,,,,,,,,,,
Arcane,Luck,,,,,,,,,,,,,,,,,,Fire,Supernatural,Demonic,Demonic,,,,,,,,,,,,,,,,,,,,
Arcane,,,,,,,,,,,,,,,,,,,Fire,Primal,Volcanic,Volcanic,,,,,,,,,,,,,,,,,,,,
Arcane,Stars,,,,,,,,,,Prophets,Potency,,,,,,,Fire,Primal,Ashen,Ashen,,,,,,,,,,,,,,,,,,,,
Arcane,Moon,,,,,,,,,,,,,,,,,,Arcane,Divine,Solar,Solar,,,,,,,,,,,,,,,,,,,,
Arcane,Time,,,,,,,,,,,,,,,,,,Arcane,Elemental,Solar,Solar,,,,,,,,,,,,,,,,,,,,
Dark,Darkness,,,,,,,,,,,,,,,,,,Arcane,Arcana,Solar,Solar,,,,,,,,,,,,,,,,,,,,
Dark,Death,The Dark Shepherd,,Scythe,Raise Dead,,,,,,,,,,,,,,Arcane,Psychic,Solar,Solar,,,,,,,,,,,,,,,,,,,,
Dark,Order,Father of Judgement,,Maul,,,,,,,Resolve,Clarity?,,,,,,,Arcane,Supernatural,Solar,Solar,,,,,,,,,,,,,,,,,,,,
Dark,Secrecy,Huan'wo,,,,,,,,,,,,,,,,,Arcane,Primal,Solar,Solar,,,,,,,,,,,,,,,,,,,,
Dark,,,,,,,,,,,,,,,,,,,Dark,Divine,Solar,Solar,,,,,,,,,,,,,,,,,,,,
Dark,,,,,,,,,,,,,,,,,,,Dark,Elemental,Solar,Solar,,,,,,,,,,,,,,,,,,,,
Frost,Frost,Vahara,,,,,,,,,,,,,,,,,Dark,Arcana,Solar,Solar,,,,,,,,,,,,,,,,,,,,
Frost,Spirits,,,,,,,,,,,,,,,,,,Dark,Psychic,Solar,Solar,,,,,,,,,,,,,,,,,,,,
Frost,Storm,,,,,,,,,,,,,,,,,,Dark,Supernatural,Solar,Solar,,,,,,,,,,,,,,,,,,,,
Frost,Seas,,,,,,,,,,,,,,,,,,Dark,Primal,Solar,Solar,,,,,,,,,,,,,,,,,,,,
Frost,Wind,,,,,,,,,,,,,,,,,,Frost,Divine,Solar,Solar,,,,,,,,,,,,,,,,,,,,
Frost,Grave?,Amnus,,,,,,,,,,,,,,,,,Frost,Elemental,Solar,Solar,,,,,,,,,,,,,,,,,,,,
Nature,Life,Mother Spring,,Sickle,,,,,,,Healing,HoT,,,,,,,Frost,Arcana,Solar,Solar,,,,,,,,,,,,,,,,,,,,
Nature,Cycle,The Spiral,,,,,,,,,Freedom?,Advantage on Saving Throws against Control Effects. Can't be Slowed,,,,,,,Frost,Psychic,Solar,Solar,,,,,,,,,,,,,,,,,,,,
Nature,Wild,,,Longbow,,,,,,,,,,,,,,,Frost,Supernatural,Solar,Solar,,,,,,,,,,,,,,,,,,,,
Nature,Stone,Hashon,,Heavy Fist,,,,,,,,,,,,,,,Frost,Primal,Solar,Solar,,,,,,,,,,,,,,,,,,,,
Nature,Beasts,Ryobeq,,,,,,,,,,,,,,,,,Nature,Divine,Solar,Solar,,,,,,,,,,,,,,,,,,,,
Nature,Plants,,,,,,,,,,,,,,,,,,Nature,Elemental,Solar,Solar,,,,,,,,,,,,,,,,,,,,
Physical,Technology,Machine Spirit,,Any Gun,,,,,,,,,,,,,,,Nature,Arcana,Solar,Solar,,,,,,,,,,,,,,,,,,,,
,,,,,,,,,,,,,,,,,,,Nature,Psychic,Solar,Solar,,,,,,,,,,,,,,,,,,,,
Oath,,,,Symbol,Passive,,Heroic Strike,,Oathbound Word,,,,,,,,,,Nature,Supernatural,Solar,Solar,,,,,,,,,,,,,,,,,,,,
Light,Protection,,Shield,Shield,,,,,"Protection, Resolve",,,,,,,,,,Nature,Primal,Solar,Solar,,,,,,,,,,,,,,,,,,,,
Fire,Vengeance,,,,,,,,"Glory, Might",,,,,,,,,,Physical,Martial,Solar,Solar,,,,,,,,,,,,,,,,,,,,
Dark,Justice,,,Hammer,,,,,"Freedom, Knowledge",,,,,,,,,,Physical,Martial,Solar,Solar,,,,,,,,,,,,,,,,,,,,
Light,Valor,,Sword,Sword,,,,,,,,,,,,,,,,,,,,,,,,,,,,,,,,,,,,,,
Dark,Conquest,,,Crown,,,,,,,,,,,,,,,,,,,,,,,,,,,,,,,,,,,,,,
Light,Redemption,,,Star,,,,,,,,,,,,,,,,,,,,,,,,,,,,,,,,,,,,,,
,Devotion,,,Cross?,,,,,,,,,,,,,,,,,,,,,,,,,,,,,,,,,,,,,,
,of the Templar,,,,,,,,,,,,,,,,,,,,,,,,,,,,,,,,,,,,,,,,,
,,,,,,,,,,,,,,,,,,,,,,,,,,,,,,,,,,,,,,,,,,
Inner Daemon,,Passive,,Essence Burn,,Control,,Tertiary,,,,,,,,,,,,,,,,,,,,,,,,,,,,,,,,,,
Depravity,Temperence,,,Devour,,Uncontrollable Desire,,,,,,,,,,,,,,,,,,,,,,,,,,,,,,,,,,,,
Wrath,Mercy,,,,,,,,,,,,,,,,,,,,,,,,,,,,,,,,,,,,,,,,,
Pride,Humility,,,,,,,,,,,,,,,,,,,,,,,,,,,,,,,,,,,,,,,,,
Betrayal,Honor,,,,,,,,,,,,,,,,,,,,,,,,,,,,,,,,,,,,,,,,,
Indolence,Duty,,,,,Slow,,,,,,,,,,,,,,,,,,,,,,,,,,,,,,,,,,,,
,,,,,,,,,,,,,,,,,,,,,,,,,,,,,,,,,,,,,,,,,,
Pact Ritual,,,Pact Primary,,Pact Utility,,Curse,,Pact Tertiary,,,,,,,,,,,,,,,,,,,,,,,,,,,,,,,,,
Light,*Fallen,,,,,,,,,,,,,,,,,,,,,,,,,,,,,,,,,,,,,,,,,
Fire,*Demon,Hate,Brand,,,,,,Immolation,,,,,,,,,,,,,,,,,,,,,,,,,,,,,,,,,
Fire,Djinn,,,,,,,,,,,,,,,,,,,,,,,,,,,,,,,,,,,,,,,,,
Arcane,*Astral,,,,,,,,,,,,,,,,,,,,,,,,,,,,,,,,,,,,,,,,,
Arcane,Fatewitch,,,,,,,,,,,,,,,,,,,,,,,,,,,,,,,,,,,,,,,,,
Dark,*Old One,,,,Fear,,,,,,,,,,,,,,,,,,,,,,,,,,,,,,,,,,,,,
Dark,Count of the Graves,,Siphon Life,,,,,,,,,,,,,,,,,,,,,,,,,,,,,,,,,,,,,,,
Frost,*Elder Spirit,,,,,,,,,,,,,,,,,,,,,,,,,,,,,,,,,,,,,,,,,
Frost,The Abyssal Depths,,,,,,,,,,,,,,,,,,,,,,,,,,,,,,,,,,,,,,,,,
Nature,*Archfae,,,,,,,,,,,,,,,,,,,,,,,,,,,,,,,,,,,,,,,,,
Nature,Bloodmoon,,Aspect of Ferocity,,,,,,,,,,,,,,,,,,,,,,,,,,,,,,,,,,,,,,,
,,,,,,,,,,,,,,,,,,,,,,,,,,,,,,,,,,,,,,,,,,
Latent Magic/Arcane Catalyst?,,,,,,,,,,,,,,,,,,,,,,,,,,,,,,,,,,,,,,,,,,
,Divine,Elemental,Arcana,Psychic,Supernatural,Primal,,,,,,,,,,,,,,,,,,,,,,,,,,,,,,,,,,,,
Light,,,,,,,,,,,,,,,,,,,,,,,,,,,,,,,,,,,,,,,,,,
Fire,,,,,,,,,,,,,,,,,,,,,,,,,,,,,,,,,,,,,,,,,,
Arcane,,,,,,,,,,,,,,,,,,,,,,,,,,,,,,,,,,,,,,,,,,
Dark,,,,,,,,,,,,,,,,,,,,,,,,,,,,,,,,,,,,,,,,,,
Frost,,,,,,,,,,,,,,,,,,,,,,,,,,,,,,,,,,,,,,,,,,
Nature,,,,,,,,,,,,,,,,,,,,,,,,,,,,,,,,,,,,,,,,,,
,,,,,,,,,,,,,,,,,,,,,,,,,,,,,,,,,,,,,,,,,,
Astral Guardians,Prime,,,,,,,,,,,,,,,,,,,,,,,,,,,,,,,,,,,,,,,,,
Arcane,Tsukira,rabbit,The Moon,,♊ Gemini (Twins): May 21–June 21,Feb,4,"兔, tù (卯)",Yin,Wood,1,1,1,1,,,,,,,,,,,,,,,,,,,,,,,,,,,,
Nature,Ryobeq,dragon,,East,♋ Cancer (Crab): June 22–July 22,march,5,"龙/龍, lóng (辰)",Yang,Earth,2,2,2,2,,,,,,,,,,,,,,,,,,,,,,,,,,,,
Dark,Huan'wo,snake,The Hermit/Serpent,North,♏ Scorpius (Scorpion): October 24–November 21,april,6,"蛇, shé (巳)",Yin,Fire,3,1,3,3,,,,,,,,,,,,,,,,,,,,,,,,,,,,
Fire,Daiten,horse,,,♐ Sagittarius (Archer): November 22–December 21,may,7,"马/馬, mǎ (午)",Yang,Fire,4,2,1,4,,,,,,,,,,,,,,,,,,,,,,,,,,,,
Dark,Baelleph,ram,,,♑ Capricornus (Goat): December 22–January 19,june,8,"羊, yáng (未)",Yin,Earth,5,1,2,1,,,,,,,,,,,,,,,,,,,,,,,,,,,,
Light,Hanuko,monkey,Temperence,,♓ Pisces (Fish): February 19–March 20,july,9,"猴, hóu (申)",Yang,Metal,6,2,3,2,,,,,,,,,,,,,,,,,,,,,,,,,,,,
Fire,Shen'Ra,rooster,The Sun,South,♈ Aries (Ram): March 21–April 19,august,10,"鸡/雞, jī (酉)",Yin,Metal,1,1,1,3,,,,,,,,,,,,,,,,,,,,,,,,,,,,
Frost,Amnus,dog,,,♎ Libra (Balance): September 23–October 23,september,11,"狗, gǒu (戌)",Yang,Earth,2,2,2,4,,,,,,,,,,,,,,,,,,,,,,,,,,,,
Frost,Vahara,boar,Strength/The Warrior,,♒ Aquarius (Water Bearer): January 20–February 18,october,12,"猪/豬, zhū (亥)",Yin,Water,3,1,3,1,,,,,,,,,,,,,,,,,,,,,,,,,,,,
Arcane,Khenti,rat,The Star,,♍ Virgo (Virgin): August 23–September 22,november,1,"鼠, shǔ (子)",Yang,Water,4,2,1,2,,,,,,,,,,,,,,,,,,,,,,,,,,,,
Nature,Nashon,ox,The World/Golem,,♉ Taurus (Bull): April 20–May 20,december,2,"牛, niú (丑)",Yin,Earth,5,1,2,3,,,,,,,,,,,,,,,,,,,,,,,,,,,,
Light,Bekuryo,tiger,,West,♌ Leo (Lion): July 23–August 22,january,3,"虎, hǔ (寅)",Yang,Wood,6,2,3,4,,,,,,,,,,,,,,,,,,,,,,,,,,,,
,,,,,,,,,,,,,,,,,,,,,,,,,,,,,,,,,,,,,,,,,,
Draw Runes,,,,,,,,,,,,,,,,,,,,,,,,,,,,,,,,,,,,,,,,,,
Light,Light,Arcane,Dark,Temperance,,,,,,,,,,,,,,,,,,,,,,,,,,,,,,,,,,,,,,
Fire,Arcane,Light,Dark,The Sun,,,,,,,,,,,,,,,,,,,,,,,,,,,,,,,,,,,,,,
Arcane,Arcane,Dark,Light,The Star,,,,,,,,,,,,,,,,,,,,,,,,,,,,,,,,,,,,,,
Dark,Dark,Arcane,Light,Death,,,,,,,,,,,,,,,,,,,,,,,,,,,,,,,,,,,,,,
Frost,Dark,Light,Arcane,Strength,,,,,,,,,,,,,,,,,,,,,,,,,,,,,,,,,,,,,,
Nature,Light,Dark,Arcane,The Moon,,,,,,,,,,,,,,,,,,,,,,,,,,,,,,,,,,,,,,
 ,,,,,,,,,,,,,,,,,,,,,,,,,,,,,,,,,,,,,,,,,,
,,,,,,,,,,,,,,,,,,,,,,,,,,,,,,,,,,,,,,,,,,
Light,Light,Light,Light,,,,,,,,,,,,,,,,,,,,,,,,,,,,,,,,,,,,,,,
Light,Light,Light,Dark,,,,,,,,,,,,,,,,,,,,,,,,,,,,,,,,,,,,,,,
Fire,Light,Light,Arcane,,,,,,,,,,,,,,,,,,,,,,,,,,,,,,,,,,,,,,,
Arcane,Arcane,Arcane,Arcane,,,,,,,,,,,,,,,,,,,,,,,,,,,,,,,,,,,,,,,
Fire,Arcane,Arcane,Light,,,,,,,,,,,,,,,,,,,,,,,,,,,,,,,,,,,,,,,
Frost,Arcane,Arcane,Dark,,,,,,,,,,,,,,,,,,,,,,,,,,,,,,,,,,,,,,,
Dark,Dark,Dark,Dark,,,,,,,,,,,,,,,,,,,,,,,,,,,,,,,,,,,,,,,
Frost,Dark,Dark,Arcane,,,,,,,,,,,,,,,,,,,,,,,,,,,,,,,,,,,,,,,
Dark,Dark,Dark,Light,,,,,,,,,,,,,,,,,,,,,,,,,,,,,,,,,,,,,,,
Arcane,Light,Arcane,Dark,,,,,,,,,,,,,,,,,,,,,,,,,,,,,,,,,,,,,,,
,,,,,,,,,,,,,,,,,,,,,,,,,,,,,,,,,,,,,,,,,,
Songs,,,,,,,,,,,,,,,,,,,,,,,,,,,,,,,,,,,,,,,,,,
Light,Rhythm/Attack,Interlude,Harmony,Melody,,,,,,,,,,,,,,,,,,,,,,,,,,,,,,,,,,,,,,
Fire,Melody,Rhythm/Attack,Interlude,Harmony,,,,,,,,,,,,,,,,,,,,,,,,,,,,,,,,,,,,,,
Arcane,Harmony,Interlude,Melody,Rhythm/Attack,,,,,,,,,,,,,,,,,,,,,,,,,,,,,,,,,,,,,,
Dark,Rhythm/Attack,Melody,Interlude,Harmony,,,,,,,,,,,,,,,,,,,,,,,,,,,,,,,,,,,,,,
Frost,Melody,Interlude,Harmony,Rhythm/Attack,,,,,,,,,,,,,,,,,,,,,,,,,,,,,,,,,,,,,,
Nature,Harmony,Rhythm/Attack,Interlude,Melody,,,,,,,,,,,,,,,,,,,,,,,,,,,,,,,,,,,,,,
,,,,,,,,,,,,,,,,,,,,,,,,,,,,,,,,,,,,,,,,,,
,,,,,,,,,,,,,,,,,,,,,,,,,,,,,,,,,,,,,,,,,,
lvl 1,Nature,Rhythm/Attack,Melody/Artful,Interlude,Harmony,,,,,,,,,,,,,,,,,,,,,,,,,,,,,,,,,,,,,
lvl 1,Light,Melody/Artful,Rhythm/Attack,Interlude,Harmony,,,,,,,,,,,,,,,,,,,,,,,,,,,,,,,,,,,,,
lvl 3,Dark,Melody/Artful,Interlude,Rhythm/Attack,Harmony,,,,,,,,,,,,,,,,,,,,,,,,,,,,,,,,,,,,,
lvl 3,Frost,Melody/Artful,Interlude,Harmony,Rhythm/Attack,,,,,,,,,,,,,,,,,,,,,,,,,,,,,,,,,,,,,
lvl 3,Fire,Rhythm/Attack,Interlude,Harmony,Melody/Artful,,,,,,,,,,,,,,,,,,,,,,,,,,,,,,,,,,,,,
lvl 3,Arcane,Rhythm/Attack,Interlude,Melody/Artful,Harmony,,,,,,,,,,,,,,,,,,,,,,,,,,,,,,,,,,,,,
lvl 5,Frost,Rhythm/Attack,Harmony,Interlude,Melody/Artful,,,,,,,,,,,,,,,,,,,,,,,,,,,,,,,,,,,,,
lvl 5,Fire,Melody/Artful,Harmony,Interlude,Rhythm/Attack,,,,,,,,,,,,,,,,,,,,,,,,,,,,,,,,,,,,,
lvl 5,Light,Harmony,Interlude,Melody/Artful,Rhythm/Attack,,,,,,,,,,,,,,,,,,,,,,,,,,,,,,,,,,,,,
lvl 5,Dark,Harmony,Melody/Artful,Interlude,Rhythm/Attack,,,,,,,,,,,,,,,,,,,,,,,,,,,,,,,,,,,,,
lvl 5,Arcane,Harmony,Interlude,Rhythm/Attack,Melody/Artful,,,,,,,,,,,,,,,,,,,,,,,,,,,,,,,,,,,,,
lvl 5,Nature,Harmony,Rhythm/Attack,Interlude,Melody/Artful,,,,,,,,,,,,,,,,,,,,,,,,,,,,,,,,,,,,,
,,,,,,,,,,,,,,,,,,,,,,,,,,,,,,,,,,,,,,,,,,
Seasonal,,,,,,,Snow,Rain,Wind,,Wind,Thunder,Snow,,,,,,,,,,,,,,,,,,,,,,,,,,,,,
Frost,Winter Chill,North,Huan'wo,water,Spider/,,Wind,Thunder,Snow,,Rain,Snow,Thunder,,,,,,,,,,,,,,,,,,,,,,,,,,,,,
Nature,Spring Seed,East,Ryobeq,wood,Butterfly/Mantis,,,,,,Thunder,Wind,Rain,,,,,,,,,,,,,,,,,,,,,,,,,,,,,
Light,Summer Sun,South,Shen'Ra,fire,Scarab/Bee,,Rain,Snow,Thunder,,Snow,Rain,Wind,,,,,,,,,,,,,,,,,,,,,,,,,,,,,
Dark,Autumn ...,West,Bekuryo,metal,Fly/Centipedes?,,Thunder,Wind,Rain,,,,,,,,,,,,,,,,,,,,,,,,,,,,,,,,,
,,,,earth,,,,,,,,,,,,,,,,,,,,,,,,,,,,,,,,,,,,,,
Brands,,,,,,,,,,,,,,,,,,,,,,,,,,,,,,,,,,,,,,,,,,
Nature,Poisonous,,,,,,,,,,,,,,,,,,,,,,,,,,,,,,,,,,,,,,,,,
Nature,Acidic,,,,,,,,,,,,,,,,,,,,,,,,,,,,,,,,,,,,,,,,,
Arcane,Spelltech,,,,,,,,,,,,,,,,,,,,,,,,,,,,,,,,,,,,,,,,,
,,,Arcane,,,,,,,,,,,,,,,,,,,,,,,,,,,,,,,,,,,,,,,
,,,Dark,,,,,,,,,,,,,,,,,,,,,,,,,,,,,,,,,,,,,,,
,,,Frost,,,,,,,,,,,,,,,,,,,,,,,,,,,,,,,,,,,,,,,
,,,Nature,,,,,,,,,,,,,,,,,,,,,,,,,,,,,,,,,,,,,,,
,,,Light,,,,,,,,,,,,,,,,,,,,,,,,,,,,,,,,,,,,,,,
,,,Fire,,,,,,,,,,,,,,,,,,,,,,,,,,,,,,,,,,,,,,,
,,,,,,,,,,,,,,,,,,,,,,,,,,,,,,,,,,,,,,,,,,
,,,,,,,,,,,,,,,,,,,,,,,,,,,,,,,,,,,,,,,,,,
,,,,,,,,,,,,,,,,,,,,,,,,,,,,,,,,,,,,,,,,,,
,,,,,,,,,,,,,,,,,,,,,,,,,,,,,,,,,,,,,,,,,,
Combos,,,,,,,,,,,,,,,,,,,,,,,,,,,,,,,,,,,,,,,,,,
Tiger Strike/Headbutt,Flurry/Smash,Jump Kick/Takedown,,,,,,,,,,,,,,,,,,,,,,,,,,,,,,,,,,,,,,,,
Tiger Strike/Headbutt,Jump Kick/Takedown,Flurry/Smash,,,,,,,,,,,,,,,,,,,,,,,,,,,,,,,,,,,,,,,,
Jump Kick/Takedown,Flurry/Smash,Tiger Strike/Headbutt,,,,,,,,,,,,,,,,,,,,,,,,,,,,,,,,,,,,,,,,
Jump Kick/Takedown,Tiger Strike/Headbutt,Flurry/Smash,,,,,,,,,,,,,,,,,,,,,,,,,,,,,,,,,,,,,,,,
Flurry/Smash,Jump Kick/Takedown,Tiger Strike/Headbutt,,,,,,,,,,,,,,,,,,,,,,,,,,,,,,,,,,,,,,,,
Flurry/Smash,Tiger Strike/Headbutt,Jump Kick/Takedown,,,,,,,,,,,,,,,,,,,,,,,,,,,,,,,,,,,,,,,,
,,,,,,,,,,,,,,,,,,,,,,,,,,,,,,,,,,,,,,,,,,
Artifact Weapon,,,,,,,,,Shield,,Block,,,,,,,,,,,,,,,,,,,,,,,,,,,,,,,
,,,Shield,Tower Shield,,,,,1h Sword,Light Attack,Block,,,,,,,,,,,,,,,,,,,,,,,,,,,,,,,
Judge's Gavel,,Hephemus,Maul,Battle Hammer,,,,,1h Axe,Light Attack,,,,,,,,,,,,,,,,,,,,,,,,,,,,,,,,
War,,Daiten,Great Axe,Battle Axe,,,,,1h Mace,Light Attack,,,,,,,,,,,,,,,,,,,,,,,,,,,,,,,,
Deathbringer,,Ismotir,Great Sword,2x 1h Sword,,,,,1h Spear,Light Attack,,,,,,,,,,,,,,,,,,,,,,,,,,,,,,,,
Dragonlance,,Tol/zelle,Spear,Lance,Polearm,,,,Dagger,Light Attack,,,,,,,,,,,,,,,,,,,,,,,,,,,,,,,,
Excalibur/Masamune,,Vai,Longsword,Katana,,,,,Whip,Light Attack,Wind up,,,,,,,,,,,,,,,,,,,,,,,,,,,,,,,
Wukong's Staff,,Wokeb,Bo-Staff,,,,,,Unarmed,Light Attack,Block,,,,,,,,,,,,,,,,,,,,,,,,,,,,,,,
Hand of the Fates,,,Wand/Offhand,Quarterstaff,,Arcane,,,Heavy Fist,Light Attack,Block,Knockback,,,,,,,,,,,,,,,,,,,,,,,,,,,,,,
,,Omoi-Ren,Caster Staff,Quarterstaff/Longsword,,Arcane,,,2h Sword,Light Attack,Block,Heavy Slash,,,,,,,,,,,,,,,,,,,,,,,,,,,,,,
,,,Caster Staff,Quarterstaff,,Fire,,,2h Axe,Light Attack,Block,Heavy Slash,,,,,,,,,,,,,,,,,,,,,,,,,,,,,,
Trident of the Tides,,,Caster Staff,Javelin,Spear,Water,,,2h Mace,Light Attack,Block,Heavy Impact,,,,,,,,,,,,,,,,,,,,,,,,,,,,,,
,,,Wand/Offhand,Mace,Caster Staff,Light,,,2h Spear,Light Attack,Block,Heavy Pierce,,,,,,,,,,,,,,,,,,,,,,,,,,,,,,
Harvester of Souls,,Bear Avatar,Caster Staff,Scythe,,Dark,,,Polearm,Light Attack,Block,Heavy Pierce,,,,,,,,,,,,,,,,,,,,,,,,,,,,,,
Mjolnir,,Raven Avatar,Mace,Wand,,Nature,,,Staff,Light Attack,Block,Kickback,,,,,,,,,,,,,,,,,,,,,,,,,,,,,,
Butcher's Cleaver,,,Axe,Scimitar,,,,,Bow,Quick Shot,Aim,Kickback,,,,,,,,,,,,,,,,,,,,,,,,,,,,,,
,,,Short Sword,Rapier,Scimitar,,,,Sniper/Crossbow,Quick Shot,Aim,Melee,,,,,,,,,,,,,,,,,,,,,,,,,,,,,,
,,Narae,Caster Sword/Offhand,Kopesh/Offhand,Kopesh x2,,,,Rifle,Quick Shot,Aim,Melee,,,,,,,,,,,,,,,,,,,,,,,,,,,,,,
,,,Fist,Buckler,,,,,Blunderbuss,Quick Shot,Aim,Melee,,,,,,,,,,,,,,,,,,,,,,,,,,,,,,
Saturn's Scythe,,,Chain,Scythe,,,,,Cannon,Quick Shot,Aim,Melee,,,,,,,,,,,,,,,,,,,,,,,,,,,,,,
,,,Meteor Hammer,Flail,,,,,Revolver,Quick Shot,Aim,Melee,,,,,,,,,,,,,,,,,,,,,,,,,,,,,,
Setan Kober - Malay Kris,,,Dagger,Caster Dagger?,,,,,Hand Cannon,Quick Shot,Aim,Melee,,,,,,,,,,,,,,,,,,,,,,,,,,,,,,
,,,Thrown,Dagger,,,,,Hand Crossbow,Quick Shot,Aim,Melee,,,,,,,,,,,,,,,,,,,,,,,,,,,,,,
,,,Whip,Short Bow,,,,,,,,,,,,,,,,,,,,,,,,,,,,,,,,,,,,,,
Artemis' Bow,,Wolf Avatar,Short Bow,Long Bow,,,,,,,,,,,,,,,,,,,,,,,,,,,,,,,,,,,,,,
Stakethrower,,,Crossbow,Hand Crossbow,,,,,,,,,,,,,,,,,,,,,,,,,,,,,,,,,,,,,,
,,,Rifle,Sniper,,,,,,,,,,,,,,,,,,,,,,,,,,,,,,,,,,,,,,
,,,Heavy Gun,Flintlock,Blunderbuss,,,,,,,,,,,,,,,,,,,,,,,,,,,,,,,,,,,,,
,,,,,,,,,,,,,,,,,,,,,,,,,,,,,,,,,,,,,,,,,,
Astral Pantheon,,,,,,,,,,,,,,,,,,,,,,,,,,,,,,,,,,,,,,,,,,
Arcane,Tsukira,Rabbit,Moon,Elves,,,,,,,,,,,,,,,,,,,,,,,,,,,,,,,,,,,,,,
Dark,Huan'wo,Serpent,Deception,Charlatans,,,,,,,,,,,,,,,,,,,,,,,,,,,,,,,,,,,,,,
Frost,Amnus,Jackal,Afterlife,People in grief,,,,,,,,,,,,,,,,,,,,,,,,,,,,,,,,,,,,,,
Nature,Ryobeq,Crocodile,Hunger,People chasing their ambitions,,,,,,,,,,,,,,,,,,,,,,,,,,,,,,,,,,,,,,
Light,Hanuko,Monkey,Truth,Monks of the Inner Truth,,"Was sworn to Protect Vai, when she died he had no purpose and sought to find himself in the Mountains to the West.",,,,,,,,,,,,,,,,,,,,,,,,,,,,,,,,,,,,
Fire,Shen'Ra,Hawk,Sun,Orcs,,,,,,,,,,,,,,,,,,,,,,,,,,,,,,,,,,,,,,
Arcane,Khenti,Rat,Stars/Maps,Navigators,,,,,,,,,,,,,,,,,,,,,,,,,,,,,,,,,,,,,,
Dark,Baelleph,Goat,Hedonism,Degenerates,,,,,,,,,,,,,,,,,,,,,,,,,,,,,,,,,,,,,,
Frost,Vahara,Boar,Strength,Orcs / People enduring Strange Circumstances,,,,,,,,,,,,,,,,,,,,,,,,,,,,,,,,,,,,,,
Nature,Nashon,Ox,Stone,Orcs / People enduring Physical Recovery,,,,,,,,,,,,,,,,,,,,,,,,,,,,,,,,,,,,,,
Light,Bekuryo,Tiger,Protection,,,Was Shen'Ra's Consort who heeded his words to help the Elves and felt remorse for forsook her duty,,,,,,,,,,,,,,,,,,,,,,,,,,,,,,,,,,,,
Fire,Daiten,Horse,War,Warriors / Orcs,,,,,,,,,,,,,,,,,,,,,,,,,,,,,,,,,,,,,,
,,,,,,,,,,,,,,,,,,,,,,,,,,,,,,,,,,,,,,,,,,
Dwarven Pantheon,,,,,,,,,,,,,,,,,,,,,,,,,,,,,,,,,,,,,,,,,,
Arcane,,The Keeper,Records,Law makers,,"The Keeper of Knowledge, Records, and Law.",,,,,,,,,,,,,,,,,,,,,,,,,,,,,,,,,,,,
Dark,Father Stone,The Father,Justice,Law enforcers,,"The Stone Father, King, and Judge. The one that knows the weight of rule, and upholds the law.",,,,,,,,,,,,,,,,,,,,,,,,,,,,,,,,,,,,
Frost,,The Watcher,Mountains,"Rangers, Scouts, and Guards",,"The Watcher of the Mountains, the stoic, still, and resolved one that warms of danger and conceals home from your enemies.",,,,,,,,,,,,,,,,,,,,,,,,,,,,,,,,,,,,
Nature,Mother Spring,The Mother,Life,"Farmers, Brewers",,"Mother Spring, who's gives life, grows food, raises young, and keeps the Father's judgment honest.",,,,,,,,,,,,,,,,,,,,,,,,,,,,,,,,,,,,
Light,,The Muse,Creativity,"Artists, Musicians",,The fickle and enigmatic spirit of Creativity. Who spurs Builders and Artisans into making their great works.,,,,,,,,,,,,,,,,,,,,,,,,,,,,,,,,,,,,
Fire,,The Smith,Smithing,Blacksmiths,,"The forge that burns, the artist of war, the fire of hate.",,,,,,,,,,,,,,,,,,,,,,,,,,,,,,,,,,,,
Arcane,,The Gambler,Risk,"Gamblers, Merchants",,"The wealthy and the poor, the one who knows the risk and who urges decisiveness.",,,,,,,,,,,,,,,,,,,,,,,,,,,,,,,,,,,,
Dark,,The Warrior,Armies,Warriors,,"The Defender of home, the Destroyer of enemies, and the pride of the Father.",,,,,,,,,,,,,,,,,,,,,,,,,,,,,,,,,,,,
Frost,,The Wanderer,Travel,"Travelers, Caravans",,"The transiet spirit of the Dwarves, who always finds where they were meant to be.",,,,,,,,,,,,,,,,,,,,,,,,,,,,,,,,,,,,
Nature,,The Builder,Building,Masons,,"The creater of home, builder of cities and roads. Often considered to be a Druid",,,,,,,,,,,,,,,,,,,,,,,,,,,,,,,,,,,,
Light,,The Artisan,Crafting,,,"The peerless craftsman, he creates finery and technology, the true follower of the Muse.",,,,,,,,,,,,,,,,,,,,,,,,,,,,,,,,,,,,
Fire,,The Damsel,Innocence,"Children, People that need protection",,"The maiden whom you fight for, who pours your ale and warms your bed. You must protect her and provide for her or you have no worth. The Pride of the Mother.",,,,,,,,,,,,,,,,,,,,,,,,,,,,,,,,,,,,
,,,,,,,,,,,,,,,,,,,,,,,,,,,,,,,,,,,,,,,,,,
Orcish Pantheon,,,,,,,,,,,,,,,,,,,,,,,,,,,,,,,,,,,,,,,,,,
Frost,Vahara,Boar,Water,Perserverance,Water,Ice,Ice,Air,,,,,,,,,,,,,,,,,,,,,,,,,,,,,,,,,,
Fire,Daiten,Horse,Fire,War,Plant,Mists,Sand,Storm,,,,,,,,,,,,,,,,,,,,,,,,,,,,,,,,,,
Nature,Nashon,Ox,Stone,Strength,Plant,Sand,Mists,Storm,,,,,,,,,,,,,,,,,,,,,,,,,,,,,,,,,,
Frost,Amnus,Jackal,Death,Truth,Earth,Volcanic,Volcanic,Fire,,,,,,,,,,,,,,,,,,,,,,,,,,,,,,,,,,
Fire,Shen'Ra,Hawk,Sun,Rebirth,,,,,,,,,,,,,,,,,,,,,,,,,,,,,,,,,,,,,,
Light,Hanuko,Monkey,Wind,Freedom,,Purgatory,,,,,,,,,,,,,,,,,,,,,,,,,,,,,,,,,,,,
,,,,,,,,,,,,,,,,,,,,,,,,,,,,,,,,,,,,,,,,,,
Dark,,Vulture?,Pain,,,,,,,,,,,,,,,,,,,,,,,,,,,,,,,,,,,,,,,
Dark,,Khan,Rule,,,,,,,,,,,,,,,,,,,,,,,,,,,,,,,,,,,,,,,
Fire,Sevat,Anteater,Destruction,,Shiva,Seht,,,,,,,,,,,,,,,,,,,,,,,,,,,,,,,,,,,,
Fire,Mekali,Lioness,Bloodlust,,Kali,Sekhmet,,,,,,,,,,,,,,,,,,,,,,,,,,,,,,,,,,,,
,,,,,,,,,,,,,,,,,,,,,,,,,,,,,,,,,,,,,,,,,,
Arcane,Gerush,Elephant,Luck,,Ganesh,Horus,,,,,,,,,,,,,,,,,,,,,,,,,,,,,,,,,,,,
Nature,Rasmi,Peacock,Love,,Lakshmi,Isis,,,,,,,,,,,,,,,,,,,,,,,,,,,,,,,,,,,,
Light,Bremuu,Hippo,Creation,,Brahma,Osiris,,,,,,,,,,,,,,,,,,,,,,,,,,,,,,,,,,,,
Arcane,Vith,Crane,Secrets,,Vishnu,Thoth,,,,,,,,,,,,,,,,,,,,,,,,,,,,,,,,,,,,
,,,,,,,,,,,,,,,,,,,,,,,,,,,,,,,,,,,,,,,,,,
Giant Pantheon,,,,,,,,,,,,,,,,,,,,,,,,,,,,,,,,,,,,,,,,,,
Frost,The Hero King,Jarl of Jarls,Kings,,Squirrel,,,,,,,,,,,,,,,,,,,,,,,,,,,,,,,,,,,,,
Dark,,Bear,Veil,,Beaver,,,,,,,,,,,,,,,,,,,,,,,,,,,,,,,,,,,,,
Frost,Threm,Raven,Storm,Storm,Reindeer,,,,,,,,,,,,,,,,,,,,,,,,,,,,,,,,,,,,,
Nature,,Wolf,Hunt,Hunt,Lynx,,,,,,,,,,,,,,,,,,,,,,,,,,,,,,,,,,,,,
Dark,Haavi,Owl,Lore,Veil,,,,,,,,,,,,,,,,,,,,,,,,,,,,,,,,,,,,,,
Frost,Skjold,Leopard,Ice,Storm,,,,,,,,,,,,,,,,,,,,,,,,,,,,,,,,,,,,,,
Nature,Tormir,Stag,Pride,Hunt,,,,,,,,,,,,,,,,,,,,,,,,,,,,,,,,,,,,,,
Dark,Kraesir,Kraken,Abyss,Veil,,,,,,,,,,,,,,,,,,,,,,,,,,,,,,,,,,,,,,
Frost,,Whale,Seas,Storm,,,,,,,,,,,,,,,,,,,,,,,,,,,,,,,,,,,,,,
Nature,,Shark,Violence,Hunt,,,,,,,,,,,,,,,,,,,,,,,,,,,,,,,,,,,,,,
Dark,,Fox,Cunning,Hunt,,,,,,,,,,,,,,,,,,,,,,,,,,,,,,,,,,,,,,
Nature,,Badger,Tenacity,Veil,,,,,,,,,,,,,,,,,,,,,,,,,,,,,,,,,,,,,,
Frost,,Mammoth,Glaciers,Storm,,,,,,,,,,,,,,,,,,,,,,,,,,,,,,,,,,,,,,
Fire,,,Volcanoes,,,,,,,,,,,,,,,,,,,,,,,,,,,,,,,,,,,,,,,
Arcane,,,The Weaver of Time,,,,,,,,,,,,,,,,,,,,,,,,,,,,,,,,,,,,,,,
Arcane,,,The Weaver of Death,,,,,,,,,,,,,,,,,,,,,,,,,,,,,,,,,,,,,,,
Arcane,,,The Weaver of Memory,,,,,,,,,,,,,,,,,,,,,,,,,,,,,,,,,,,,,,,
Arcane,,,The Rune Carver,,,,,,,,,,,,,,,,,,,,,,,,,,,,,,,,,,,,,,,
,,,,,,,,,,,,,,,,,,,,,,,,,,,,,,,,,,,,,,,,,,
Human Pantheon,,,,,,,,,,,,,,,,,,,,,,,,,,,,,,,,,,,,,,,,,,
Dark,The Dusk Shepherd,Reaper / Crone,,,,,,,,,,,,,,,,,,,,,,,,,,,,,,,,,,,,,,,,
Light,The Dawn Maiden,Bride / Maiden,,,,,,,,,,,,,,,,,,,,,,,,,,,,,,,,,,,,,,,,
Light,The Timeless Knight,,,,,,,,,,,,,,,,,,,,,,,,,,,,,,,,,,,,,,,,,
,,,,,,,,,,,,,,,,,,,,,,,,,,,,,,,,,,,,,,,,,,
Primal Pantheon,,,,,,,,,,,,,,,,,,,,,,,,,,,,,,,,,,,,,,,,,,
Dark,,Blood,Autumn,,,,,,,,,,,,,,,,,,,,,,,,,,,,,,,,,,,,,,,
Frost,,Rain,Winter,,,,,,,,,,,,,,,,,,,,,,,,,,,,,,,,,,,,,,,
Nature,The Spiral,Cycles,Spring,,,,,,,,,,,,,,,,,,,,,,,,,,,,,,,,,,,,,,,
Light,,Sun,Summer,,,,,,,,,,,,,,,,,,,,,,,,,,,,,,,,,,,,,,,
,,,,,,,,,,,,,,,,,,,,,,,,,,,,,,,,,,,,,,,,,,
New Elven Pantheon,,,,,,,,,,,,,,,,,,,,,,,,,,,,,,,,,,,,,,,,,,
Arcane,Tsukira,Empress,Moon and Stars,,,,,,,,,,,,,,,,,,,,,,,,,,,,,,,,,,,,,,,
Arcane,,Archmage,Conjuration,Yin,,,,,,,,,,,,,,,,,,,,,,,,,,,,,,,,,,,,,,
Fire,,Archmage,Evocation,Yin,,,,,,,,,,,,,,,,,,,,,,,,,,,,,,,,,,,,,,
Light,,Archmage,Enchantment,Yin,,,,,,,,,,,,,,,,,,,,,,,,,,,,,,,,,,,,,,
Light,,Archmage,Divination,Yin,,,,,,,,,,,,,,,,,,,,,,,,,,,,,,,,,,,,,,
Frost,,Archmage,Transmutation,Yang,,,,,,,,,,,,,,,,,,,,,,,,,,,,,,,,,,,,,,
Dark,,Archmage,Abjuration,Yang,,,,,,,,,,,,,,,,,,,,,,,,,,,,,,,,,,,,,,
Dark,,Archmage,Necromancy,Yang,,,,,,,,,,,,,,,,,,,,,,,,,,,,,,,,,,,,,,
Arcane,,Archmage,Illusion,Yang,,,,,,,,,,,,,,,,,,,,,,,,,,,,,,,,,,,,,,
,,,,,,,,,,,,,,,,,,,,,,,,,,,,,,,,,,,,,,,,,,
,Buildings,,,,,,,,,,,,,,,,,,,,,,,,,,,,,,,,,,,,,,,,,
,Characters,,,,,,,,,,,,,,,,,,,,,,,,,,,,,,,,,,,,,,,,,
,Conditions,,,,,,,,,,,,,,,,,,,,,,,,,,,,,,,,,,,,,,,,,
,Documents,,,,,,,,,,,,,,,,,,,,,,,,,,,,,,,,,,,,,,,,,
Heritage,Ethnicities,,,,,,,,,,,,,,,,,,,,,,,,,,,,,,,,,,,,,,,,,
,Geographic Locations,,,,,,,,,,,,,,,,,,,,,,,,,,,,,,,,,,,,,,,,,
,Generic,,,,,,,,,,,,,,,,,,,,,,,,,,,,,,,,,,,,,,,,,
,Items,,,,,,,,,,,,,,,,,,,,,,,,,,,,,,,,,,,,,,,,,
,Laws (Natural & Metaphysical),,,,,,,,,,,,,,,,,,,,,,,,,,,,,,,,,,,,,,,,,
,Languages,,,,,,,,,,,,,,,,,,,,,,,,,,,,,,,,,,,,,,,,,
,Materials,,,,,,,,,,,,,,,,,,,,,,,,,,,,,,,,,,,,,,,,,
,Military Conflicts,,,,,,,,,,,,,,,,,,,,,,,,,,,,,,,,,,,,,,,,,
,Military Formations,,,,,,,,,,,,,,,,,,,,,,,,,,,,,,,,,,,,,,,,,
,Myths & Legends,,,,,,,,,,,,,,,,,,,,,,,,,,,,,,,,,,,,,,,,,
,Organizations,,,,,,,,,,,,,,,,,,,,,,,,,,,,,,,,,,,,,,,,,
,Professions,,,,,,,,,,,,,,,,,,,,,,,,,,,,,,,,,,,,,,,,,
,Prose,,,,,,,,,,,,,,,,,,,,,,,,,,,,,,,,,,,,,,,,,
,Ranks & Titles,,,,,,,,,,,,,,,,,,,,,,,,,,,,,,,,,,,,,,,,,
,Session Report,,,,,,,,,,,,,,,,,,,,,,,,,,,,,,,,,,,,,,,,,
,Settlements,,,,,,,,,,,,,,,,,,,,,,,,,,,,,,,,,,,,,,,,,
Ancestries,Species,,,,,,,,,,,,,,,,,,,,,,,,,,,,,,,,,,,,,,,,,
,Spells & Abilities,,,,,,,,,,,,,,,,,,,,,,,,,,,,,,,,,,,,,,,,,
,Story Plots,,,,,,,,,,,,,,,,,,,,,,,,,,,,,,,,,,,,,,,,,
,Technologies & Sciences,,,,,,,,,,,,,,,,,,,,,,,,,,,,,,,,,,,,,,,,,
,Traditions & Rituals,,,,,,,,,,,,,,,,,,,,,,,,,,,,,,,,,,,,,,,,,
,Vehicle,,,,,,,,,,,,,,,,,,,,,,,,,,,,,,,,,,,,,,,,,
,,,,,,,,,,,,,,,,,,,,,,,,,,,,,,,,,,,,,,,,,,
Dwarven Vors'Feadun,,Dwarven,Commoner,Cave Dwellings,,,,,,,,,,,,,,,,,,,,,,,,,,,,,,,,,,,,,,
Dwarven Anmar'Faedun,,Dwarven,Noble,Greco-Roman,,,,,,,,,,,,,,,,,,,,,,,,,,,,,,,,,,,,,,
Dwarven Kothr'Faedun,,,Imperium,Greco-Roman,,,,,,,,,,,,,,,,,,,,,,,,,,,,,,,,,,,,,,
Dwarven Highlands,,Hobbits,Shire,Irish,Scottish,,,,,,,,,,,,,,,,,,,,,,,,,,,,,,,,,,,,,
Dwarven Surface Dweller,,,Sovereignty,Bavarian,Austrian,,,,,,,,,,,,,,,,,,,,,,,,,,,,,,,,,,,,,
Elven Othiel Ealos,,High Elven,,,,,,,,,,,,,,,,,,,,,,,,,,,,,,,,,,,,,,,,
Elven Lothaeldruun,,,Sovereignty,Indian,Nepalese,,,,,,,,,,,,,,,,,,,,,,,,,,,,,,,,,,,,,
Elven Elthieru Isles,,High Elven,,Japanese,,,,,,,,,,,,,,,,,,,,,,,,,,,,,,,,,,,,,,
Elven Xiaothiel,,,Imperium,Indo-Chinese,,,,,,,,,,,,,,,,,,,,,,,,,,,,,,,,,,,,,,
Elven Naelonxia,,Wood Elven,,Chinese,,,,,,,,,,,,,,,,,,,,,,,,,,,,,,,,,,,,,,
Human Aschaffenwald,,Gothic,Imperium,Germanic Medieval,,,,,,,,,,,,,,,,,,,,,,,,,,,,,,,,,,,,,,
Human Aubervale,,Druidic,,Romani,,,,,,,,,,,,,,,,,,,,,,,,,,,,,,,,,,,,,,
Human Dorramere,,Gothic,,English,,,,,,,,,,,,,,,,,,,,,,,,,,,,,,,,,,,,,,
Human Chantalier,,Victorian,Sovereignty,Francs,,,,,,,,,,,,,,,,,,,,,,,,,,,,,,,,,,,,,,
Jotnyr Baelvik/Witchwood,,,Imperium,Slavik,,,,,,,,,,,,,,,,,,,,,,,,,,,,,,,,,,,,,,
Jotnyr Godtheim,,,,Caveman,,,,,,,,,,,,,,,,,,,,,,,,,,,,,,,,,,,,,,
Jotnyr Kraesir Isles,,,Sovereignty,Pirate,,,,,,,,,,,,,,,,,,,,,,,,,,,,,,,,,,,,,,
Jotnyr Myrsfjord,,,,Viking,,,,,,,,,,,,,,,,,,,,,,,,,,,,,,,,,,,,,,
Jotnyr Wolfwood,,,Sovereignty,Viking,,,,,,,,,,,,,,,,,,,,,,,,,,,,,,,,,,,,,,
Orcish Exile,,,Sovereignty,,,,,,,,,,,,,,,,,,,,,,,,,,,,,,,,,,,,,,,
Orcish Isak'Dum,,,,Arabic,,,,,,,,,,,,,,,,,,,,,,,,,,,,,,,,,,,,,,
Orcish Khyar'Ok Tundra,,,,Mongolian,,,,,,,,,,,,,,,,,,,,,,,,,,,,,,,,,,,,,,
Orcish Moramon'Ra,,,,Egyptian,,,,,,,,,,,,,,,,,,,,,,,,,,,,,,,,,,,,,,
Vanaqi Beast Tibes,,,Monsters,,,,,,,,,,,,,,,,,,,,,,,,,,,,,,,,,,,,,,,
Vanaqi Jungle Tribes,,,,Aztec/Mayan,,,,,,,,,,,,,,,,,,,,,,,,,,,,,,,,,,,,,,
Vanaqi Plains Tribes,,,,Great Plains Native American,,,,,,,,,,,,,,,,,,,,,,,,,,,,,,,,,,,,,,
Vanaqi ArcticTribes,,,,Inuit,,,,,,,,,,,,,,,,,,,,,,,,,,,,,,,,,,,,,,
Vanaqi Swamp Tribes,,,,Carribean,,,,,,,,,,,,,,,,,,,,,,,,,,,,,,,,,,,,,,
Vanaqi Island Tribes,,,,Polynesian,,,,,,,,,,,,,,,,,,,,,,,,,,,,,,,,,,,,,,
Vanaqi Mountain Tribes,,,,Incan,,,,,,,,,,,,,,,,,,,,,,,,,,,,,,,,,,,,,,
Imperial Capital,,,,40k Imperium,,,,,,,,,,,,,,,,,,,,,,,,,,,,,,,,,,,,,,
Imperial Colonist,,,,,,,,,,,,,,,,,,,,,,,,,,,,,,,,,,,,,,,,,,
Imperial Frontier,,,,Wild West,,,,,,,,,,,,,,,,,,,,,,,,,,,,,,,,,,,,,,
Sovereignty Frontier,,,,Mad Max,,,,,,,,,,,,,,,,,,,,,,,,,,,,,,,,,,,,,,
Sovereignty Homelander,,,,,,,,,,,,,,,,,,,,,,,,,,,,,,,,,,,,,,,,,,
,,,,,,,,,,,,,,,,,,,,,,,,,,,,,,,,,,,,,,,,,,
A,1,,,,,,,,,,,,,,,,,,,,,,,,,,,,,,,,,,,,,,,,,
B,2,,,,,,,,,,,,,,,,,,,,,,,,,,,,,,,,,,,,,,,,,
X,3,,,,,,,,,,,,,,,,,,,,,,,,,,,,,,,,,,,,,,,,,
Y,4,,,,,,,,,,,,,,,,,,,,,,,,,,,,,,,,,,,,,,,,,
Start,5,,,,,,,,,,,,,,,,,,,,,,,,,,,,,,,,,,,,,,,,,
Select,6,,,,,,,,,,,,,,,,,,,,,,,,,,,,,,,,,,,,,,,,,
Up,7,,,,,,,,,,,,,,,,,,,,,,,,,,,,,,,,,,,,,,,,,
Down,8,,,,,,,,,,,,,,,,,,,,,,,,,,,,,,,,,,,,,,,,,
Left,9,,,,,,,,,,,,,,,,,,,,,,,,,,,,,,,,,,,,,,,,,
Right,10,,,,,,,,,,,,,,,,,,,,,,,,,,,,,,,,,,,,,,,,,
R1,11,,,,,,,,,,,,,,,,,,,,,,,,,,,,,,,,,,,,,,,,,
R2,12,,,,,,,,,,,,,,,,,,,,,,,,,,,,,,,,,,,,,,,,,
L1,13,,,,,,,,,,,,,,,,,,,,,,,,,,,,,,,,,,,,,,,,,
L2,14,,,,,,,,,,,,,,,,,,,,,,,,,,,,,,,,,,,,,,,,,
R3,15,,,,,,,,,,,,,,,,,,,,,,,,,,,,,,,,,,,,,,,,,
L3,16,,,,,,,,,,,,,,,,,,,,,,,,,,,,,,,,,,,,,,,,,
,,,,,,,,,,,,,,,,,,,,,,,,,,,,,,,,,,,,,,,,,,
Holy Strike,,Melee,,,,,,,,,,,,,,,,,,,,,,,,,,,,,,,,,,,,,,,,
Radiant Bolt,,Aim,,,,,,,,,,,,,,,,,,,,,,,,,,,,,,,,,,,,,,,,
Admonish,,Auto,,,,,,,,,,,,,,,,,,,,,,,,,,,,,,,,,,,,,,,,
Divination?,,Auto,,,,,,,,,,,,,,,,,,,,,,,,,,,,,,,,,,,,,,,,
Lumos,,AOE?,,,,,,,,,,,,,,,,,,,,,,,,,,,,,,,,,,,,,,,,
Mindspike,,Soft Target,,,,,,,,,,,,,,,,,,,,,,,,,,,,,,,,,,,,,,,,
Snub,,Soft Target,,,,,,,,,,,,,,,,,,,,,,,,,,,,,,,,,,,,,,,,
Clarion Toll,,Auto?,,,,,,,,,,,,,,,,,,,,,,,,,,,,,,,,,,,,,,,,
Burning Hands,,Melee,,,,,,,,,,,,,,,,,,,,,,,,,,,,,,,,,,,,,,,,
Firebolt,,Aim,,,,,,,,,,,,,,,,,,,,,,,,,,,,,,,,,,,,,,,,
Sacred Flame,,Auto,,,,,,,,,,,,,,,,,,,,,,,,,,,,,,,,,,,,,,,,
Embers,,AOE?,,,,,,,,,,,,,,,,,,,,,,,,,,,,,,,,,,,,,,,,
Scorch,,Soft Target,,,,,,,,,,,,,,,,,,,,,,,,,,,,,,,,,,,,,,,,
Pyros,,Soft Target,,,,,,,,,,,,,,,,,,,,,,,,,,,,,,,,,,,,,,,,
Scorn,,Auto?,,,,,,,,,,,,,,,,,,,,,,,,,,,,,,,,,,,,,,,,
Scald,,Soft Target,,,,,,,,,,,,,,,,,,,,,,,,,,,,,,,,,,,,,,,,
Spellstrike,,Melee,,,,,,,,,,,,,,,,,,,,,,,,,,,,,,,,,,,,,,,,
Arcane Bolt,,Aim,,,,,,,,,,,,,,,,,,,,,,,,,,,,,,,,,,,,,,,,
Noctos,,Auto,,,,,,,,,,,,,,,,,,,,,,,,,,,,,,,,,,,,,,,,
Bound Spell Sigil,,AOE?,,,,,,,,,,,,,,,,,,,,,,,,,,,,,,,,,,,,,,,,
Catapult,,Aim,,,,,,,,,,,,,,,,,,,,,,,,,,,,,,,,,,,,,,,,
Arcos,,Auto?,,,,,,,,,,,,,,,,,,,,,,,,,,,,,,,,,,,,,,,,
Confound,,Soft Target,,,,,,,,,,,,,,,,,,,,,,,,,,,,,,,,,,,,,,,,
Time Jolt,,Soft Target,,,,,,,,,,,,,,,,,,,,,,,,,,,,,,,,,,,,,,,,
Stardust,,Auto?,,,,,,,,,,,,,,,,,,,,,,,,,,,,,,,,,,,,,,,,
Unholy Touch,,Melee,,,,,,,,,,,,,,,,,,,,,,,,,,,,,,,,,,,,,,,,
Shadowbolt,,Aim,,,,,,,,,,,,,,,,,,,,,,,,,,,,,,,,,,,,,,,,
Umbros,,Auto?,,,,,,,,,,,,,,,,,,,,,,,,,,,,,,,,,,,,,,,,
Decompose,,AOE?,,,,,,,,,,,,,,,,,,,,,,,,,,,,,,,,,,,,,,,,
Abjure,,Soft Target,,,,,,,,,,,,,,,,,,,,,,,,,,,,,,,,,,,,,,,,
Illusory Fangs,,Soft Target,,,,,,,,,,,,,,,,,,,,,,,,,,,,,,,,,,,,,,,,
Cutting Words,,Auto?,,,,,,,,,,,,,,,,,,,,,,,,,,,,,,,,,,,,,,,,
Mortos,,Auto?,,,,,,,,,,,,,,,,,,,,,,,,,,,,,,,,,,,,,,,,
Scathe,,Soft Target,,,,,,,,,,,,,,,,,,,,,,,,,,,,,,,,,,,,,,,,
Ancient Strike,,Melee,,,,,,,,,,,,,,,,,,,,,,,,,,,,,,,,,,,,,,,,
Frostbolt,,Aim,,,,,,,,,,,,,,,,,,,,,,,,,,,,,,,,,,,,,,,,
Chill Touch,,Auto?,,,,,,,,,,,,,,,,,,,,,,,,,,,,,,,,,,,,,,,,
Hydros,,AOE?,,,,,,,,,,,,,,,,,,,,,,,,,,,,,,,,,,,,,,,,
Spectra,,Auto?,,,,,,,,,,,,,,,,,,,,,,,,,,,,,,,,,,,,,,,,
Gyros,,Soft Target,,,,,,,,,,,,,,,,,,,,,,,,,,,,,,,,,,,,,,,,
Cryos,,Soft Target,,,,,,,,,,,,,,,,,,,,,,,,,,,,,,,,,,,,,,,,
Stonebolt,,Melee,,,,,,,,,,,,,,,,,,,,,,,,,,,,,,,,,,,,,,,,
Lightning Bolt,,Aim,,,,,,,,,,,,,,,,,,,,,,,,,,,,,,,,,,,,,,,,
Bios,,Auto?,,,,,,,,,,,,,,,,,,,,,,,,,,,,,,,,,,,,,,,,
Geos,,AOE?,,,,,,,,,,,,,,,,,,,,,,,,,,,,,,,,,,,,,,,,
Fulgos,,Soft Target,,,,,,,,,,,,,,,,,,,,,,,,,,,,,,,,,,,,,,,,
Nettles,,AOE?,,,,,,,,,,,,,,,,,,,,,,,,,,,,,,,,,,,,,,,,
Venombolt,,Aim,,,,,,,,,,,,,,,,,,,,,,,,,,,,,,,,,,,,,,,,
Faethorn,,Auto?,,,,,,,,,,,,,,,,,,,,,,,,,,,,,,,,,,,,,,,,